,save_path,filename,Location,w,h,Volume(KB)
0,./output/crop/세종/1권/001a00/0.jpg,ida_d001001a00,"(2171, 44)",92,75,1.67KB
1,./output/crop/세종/1권/001a00/1.jpg,ida_d001001a00,"(2171, 151)",98,99,2.10KB
2,./output/crop/세종/1권/001a00/2.jpg,ida_d001001a00,"(2171, 268)",83,101,1.92KB
3,./output/crop/세종/1권/001a00/3.jpg,ida_d001001a00,"(2163, 520)",88,93,1.60KB
4,./output/crop/세종/1권/001a00/4.jpg,ida_d001001a00,"(2168, 648)",92,69,1.40KB
5,./output/crop/세종/1권/001a00/5.jpg,ida_d001001a00,"(2176, 749)",93,108,2.17KB
6,./output/crop/세종/1권/001a00/6.jpg,ida_d001001a00,"(2165, 877)",92,87,1.98KB
7,./output/crop/세종/1권/001a00/7.jpg,ida_d001001a00,"(2163, 990)",106,102,2.23KB
8,./output/crop/세종/1권/001a00/8.jpg,ida_d001001a00,"(2171, 1109)",89,105,2.15KB
9,./output/crop/세종/1권/001a00/9.jpg,ida_d001001a00,"(2058, 1437)",77,98,1.47KB
10,./output/crop/세종/1권/001a00/10.jpg,ida_d001001a00,"(2025, 44)",101,75,1.71KB
11,./output/crop/세종/1권/001a00/11.jpg,ida_d001001a00,"(2028, 140)",87,104,1.97KB
12,./output/crop/세종/1권/001a00/12.jpg,ida_d001001a00,"(2032, 262)",95,95,1.98KB
13,./output/crop/세종/1권/001a00/13.jpg,ida_d001001a00,"(2046, 384)",78,116,1.99KB
14,./output/crop/세종/1권/001a00/14.jpg,ida_d001001a00,"(2040, 518)",81,89,1.77KB
15,./output/crop/세종/1권/001a00/15.jpg,ida_d001001a00,"(2029, 631)",101,86,1.76KB
16,./output/crop/세종/1권/001a00/16.jpg,ida_d001001a00,"(2028, 738)",113,95,2.13KB
17,./output/crop/세종/1권/001a00/17.jpg,ida_d001001a00,"(2032, 842)",106,104,2.04KB
18,./output/crop/세종/1권/001a00/18.jpg,ida_d001001a00,"(2043, 955)",101,92,1.73KB
19,./output/crop/세종/1권/001a00/19.jpg,ida_d001001a00,"(2043, 1074)",87,104,1.87KB
20,./output/crop/세종/1권/001a00/20.jpg,ida_d001001a00,"(2037, 1202)",90,92,1.79KB
21,./output/crop/세종/1권/001a00/21.jpg,ida_d001001a00,"(2034, 1318)",104,113,2.26KB
22,./output/crop/세종/1권/001a00/22.jpg,ida_d001001a00,"(2037, 1565)",104,71,1.50KB
23,./output/crop/세종/1권/001a00/23.jpg,ida_d001001a00,"(2040, 1666)",104,101,2.16KB
24,./output/crop/세종/1권/001a00/24.jpg,ida_d001001a00,"(2037, 1776)",104,104,2.22KB
25,./output/crop/세종/1권/001a00/25.jpg,ida_d001001a00,"(2037, 1892)",101,104,1.90KB
26,./output/crop/세종/1권/001a00/26.jpg,ida_d001001a00,"(2040, 2002)",107,81,1.73KB
27,./output/crop/세종/1권/001a00/27.jpg,ida_d001001a00,"(2040, 2118)",95,69,1.52KB
28,./output/crop/세종/1권/001a00/28.jpg,ida_d001001a00,"(2046, 2302)",95,84,1.60KB
29,./output/crop/세종/1권/001a00/29.jpg,ida_d001001a00,"(2043, 2418)",95,93,1.89KB
30,./output/crop/세종/1권/001a00/30.jpg,ida_d001001a00,"(2043, 2529)",101,89,1.95KB
31,./output/crop/세종/1권/001a00/31.jpg,ida_d001001a00,"(2037, 2648)",98,101,1.93KB
32,./output/crop/세종/1권/001a00/32.jpg,ida_d001001a00,"(2040, 2767)",92,95,1.59KB
33,./output/crop/세종/1권/001a00/33.jpg,ida_d001001a00,"(2049, 2900)",75,69,1.32KB
34,./output/crop/세종/1권/001a00/34.jpg,ida_d001001a00,"(2026, 2999)",98,98,2.11KB
35,./output/crop/세종/1권/001a00/35.jpg,ida_d001001a00,"(1888, 53)",99,66,1.45KB
36,./output/crop/세종/1권/001a00/36.jpg,ida_d001001a00,"(1888, 132)",102,97,1.74KB
37,./output/crop/세종/1권/001a00/37.jpg,ida_d001001a00,"(1889, 479)",98,81,1.68KB
38,./output/crop/세종/1권/001a00/38.jpg,ida_d001001a00,"(1889, 601)",110,83,1.80KB
39,./output/crop/세종/1권/001a00/39.jpg,ida_d001001a00,"(1888, 711)",117,101,2.44KB
40,./output/crop/세종/1권/001a00/40.jpg,ida_d001001a00,"(1898, 845)",101,82,1.61KB
41,./output/crop/세종/1권/001a00/41.jpg,ida_d001001a00,"(1898, 958)",95,95,1.74KB
42,./output/crop/세종/1권/001a00/42.jpg,ida_d001001a00,"(1898, 1074)",86,86,1.87KB
43,./output/crop/세종/1권/001a00/43.jpg,ida_d001001a00,"(1910, 1187)",77,86,1.50KB
44,./output/crop/세종/1권/001a00/44.jpg,ida_d001001a00,"(1895, 1309)",104,72,1.62KB
45,./output/crop/세종/1권/001a00/45.jpg,ida_d001001a00,"(1895, 1523)",107,87,1.81KB
46,./output/crop/세종/1권/001a00/46.jpg,ida_d001001a00,"(1888, 1624)",111,96,2.19KB
47,./output/crop/세종/1권/001a00/47.jpg,ida_d001001a00,"(1895, 1770)",95,69,1.48KB
48,./output/crop/세종/1권/001a00/48.jpg,ida_d001001a00,"(1907, 1859)",89,105,1.88KB
49,./output/crop/세종/1권/001a00/49.jpg,ida_d001001a00,"(1895, 1994)",104,86,1.55KB
50,./output/crop/세종/1권/001a00/50.jpg,ida_d001001a00,"(1895, 2095)",110,83,1.77KB
51,./output/crop/세종/1권/001a00/51.jpg,ida_d001001a00,"(1907, 2207)",92,66,1.51KB
52,./output/crop/세종/1권/001a00/52.jpg,ida_d001001a00,"(1895, 2442)",95,75,1.59KB
53,./output/crop/세종/1권/001a00/53.jpg,ida_d001001a00,"(1904, 2546)",89,90,1.82KB
54,./output/crop/세종/1권/001a00/54.jpg,ida_d001001a00,"(1898, 2781)",98,99,1.85KB
55,./output/crop/세종/1권/001a00/55.jpg,ida_d001001a00,"(1901, 2891)",95,99,2.02KB
56,./output/crop/세종/1권/001a00/56.jpg,ida_d001001a00,"(1889, 3010)",98,99,2.12KB
57,./output/crop/세종/1권/001a00/57.jpg,ida_d001001a00,"(1753, 33)",95,104,2.01KB
58,./output/crop/세종/1권/001a00/58.jpg,ida_d001001a00,"(1756, 160)",98,108,2.15KB
59,./output/crop/세종/1권/001a00/59.jpg,ida_d001001a00,"(1750, 282)",101,90,1.97KB
60,./output/crop/세종/1권/001a00/60.jpg,ida_d001001a00,"(1762, 389)",86,96,1.85KB
61,./output/crop/세종/1권/001a00/61.jpg,ida_d001001a00,"(1750, 494)",104,92,2.11KB
62,./output/crop/세종/1권/001a00/62.jpg,ida_d001001a00,"(1750, 610)",112,125,2.42KB
63,./output/crop/세종/1권/001a00/63.jpg,ida_d001001a00,"(1750, 744)",95,89,1.60KB
64,./output/crop/세종/1권/001a00/64.jpg,ida_d001001a00,"(1762, 851)",83,86,1.67KB
65,./output/crop/세종/1권/001a00/65.jpg,ida_d001001a00,"(1750, 1178)",112,87,2.08KB
66,./output/crop/세종/1권/001a00/66.jpg,ida_d001001a00,"(1774, 1282)",83,105,1.93KB
67,./output/crop/세종/1권/001a00/67.jpg,ida_d001001a00,"(1762, 1458)",95,163,2.72KB
68,./output/crop/세종/1권/001a00/68.jpg,ida_d001001a00,"(1750, 1642)",107,87,2.00KB
69,./output/crop/세종/1권/001a00/69.jpg,ida_d001001a00,"(1750, 1737)",89,102,1.94KB
70,./output/crop/세종/1권/001a00/70.jpg,ida_d001001a00,"(1771, 1868)",83,78,1.40KB
71,./output/crop/세종/1권/001a00/71.jpg,ida_d001001a00,"(1759, 1963)",103,84,1.45KB
72,./output/crop/세종/1권/001a00/72.jpg,ida_d001001a00,"(1777, 2076)",77,90,1.60KB
73,./output/crop/세종/1권/001a00/73.jpg,ida_d001001a00,"(1756, 2189)",106,90,1.85KB
74,./output/crop/세종/1권/001a00/74.jpg,ida_d001001a00,"(1765, 2303)",97,101,2.06KB
75,./output/crop/세종/1권/001a00/75.jpg,ida_d001001a00,"(1768, 2430)",92,81,1.82KB
76,./output/crop/세종/1권/001a00/76.jpg,ida_d001001a00,"(1774, 2648)",86,98,1.87KB
77,./output/crop/세종/1권/001a00/77.jpg,ida_d001001a00,"(1762, 2758)",86,95,1.80KB
78,./output/crop/세종/1권/001a00/78.jpg,ida_d001001a00,"(1765, 2880)",95,89,2.01KB
79,./output/crop/세종/1권/001a00/79.jpg,ida_d001001a00,"(1771, 3007)",83,93,1.74KB
80,./output/crop/세종/1권/001a00/80.jpg,ida_d001001a00,"(1635, 2523)",94,101,1.91KB
81,./output/crop/세종/1권/001a00/81.jpg,ida_d001001a00,"(1632, 38)",77,93,1.68KB
82,./output/crop/세종/1권/001a00/82.jpg,ida_d001001a00,"(1620, 143)",86,116,2.15KB
83,./output/crop/세종/1권/001a00/83.jpg,ida_d001001a00,"(1605, 277)",113,92,2.20KB
84,./output/crop/세종/1권/001a00/84.jpg,ida_d001001a00,"(1604, 389)",111,84,1.68KB
85,./output/crop/세종/1권/001a00/85.jpg,ida_d001001a00,"(1626, 497)",95,101,2.17KB
86,./output/crop/세종/1권/001a00/86.jpg,ida_d001001a00,"(1608, 607)",110,95,2.13KB
87,./output/crop/세종/1권/001a00/87.jpg,ida_d001001a00,"(1608, 714)",116,95,2.28KB
88,./output/crop/세종/1권/001a00/88.jpg,ida_d001001a00,"(1608, 842)",110,89,1.97KB
89,./output/crop/세종/1권/001a00/89.jpg,ida_d001001a00,"(1611, 946)",110,101,2.10KB
90,./output/crop/세종/1권/001a00/90.jpg,ida_d001001a00,"(1611, 1145)",95,105,1.98KB
91,./output/crop/세종/1권/001a00/91.jpg,ida_d001001a00,"(1617, 1279)",101,81,1.76KB
92,./output/crop/세종/1권/001a00/92.jpg,ida_d001001a00,"(1608, 1383)",113,96,2.08KB
93,./output/crop/세종/1권/001a00/93.jpg,ida_d001001a00,"(1629, 1597)",100,80,1.66KB
94,./output/crop/세종/1권/001a00/94.jpg,ida_d001001a00,"(1614, 1707)",104,96,1.98KB
95,./output/crop/세종/1권/001a00/95.jpg,ida_d001001a00,"(1614, 1830)",115,62,1.44KB
96,./output/crop/세종/1권/001a00/96.jpg,ida_d001001a00,"(1620, 1939)",98,108,2.01KB
97,./output/crop/세종/1권/001a00/97.jpg,ida_d001001a00,"(1617, 2055)",101,111,1.99KB
98,./output/crop/세종/1권/001a00/98.jpg,ida_d001001a00,"(1614, 2195)",101,90,1.78KB
99,./output/crop/세종/1권/001a00/99.jpg,ida_d001001a00,"(1620, 2303)",101,95,1.40KB
100,./output/crop/세종/1권/001a00/100.jpg,ida_d001001a00,"(1626, 2639)",89,104,1.95KB
101,./output/crop/세종/1권/001a00/101.jpg,ida_d001001a00,"(1617, 2746)",107,116,2.27KB
102,./output/crop/세종/1권/001a00/102.jpg,ida_d001001a00,"(1623, 2880)",98,86,1.89KB
103,./output/crop/세종/1권/001a00/103.jpg,ida_d001001a00,"(1623, 3005)",89,92,2.00KB
104,./output/crop/세종/1권/001a00/104.jpg,ida_d001001a00,"(1507, 2543)",77,102,1.78KB
105,./output/crop/세종/1권/001a00/105.jpg,ida_d001001a00,"(1471, 33)",96,92,1.74KB
106,./output/crop/세종/1권/001a00/106.jpg,ida_d001001a00,"(1475, 152)",77,86,1.64KB
107,./output/crop/세종/1권/001a00/107.jpg,ida_d001001a00,"(1489, 273)",75,90,1.57KB
108,./output/crop/세종/1권/001a00/108.jpg,ida_d001001a00,"(1487, 387)",83,88,1.54KB
109,./output/crop/세종/1권/001a00/109.jpg,ida_d001001a00,"(1472, 494)",107,89,2.01KB
110,./output/crop/세종/1권/001a00/110.jpg,ida_d001001a00,"(1478, 610)",104,83,2.03KB
111,./output/crop/세종/1권/001a00/111.jpg,ida_d001001a00,"(1472, 720)",109,75,1.51KB
112,./output/crop/세종/1권/001a00/112.jpg,ida_d001001a00,"(1481, 839)",92,82,1.56KB
113,./output/crop/세종/1권/001a00/113.jpg,ida_d001001a00,"(1475, 958)",98,95,1.88KB
114,./output/crop/세종/1권/001a00/114.jpg,ida_d001001a00,"(1471, 1071)",113,95,2.23KB
115,./output/crop/세종/1권/001a00/115.jpg,ida_d001001a00,"(1471, 1184)",111,89,2.13KB
116,./output/crop/세종/1권/001a00/116.jpg,ida_d001001a00,"(1484, 1300)",95,98,2.05KB
117,./output/crop/세종/1권/001a00/117.jpg,ida_d001001a00,"(1495, 1437)",75,80,1.35KB
118,./output/crop/세종/1권/001a00/118.jpg,ida_d001001a00,"(1472, 1535)",107,98,1.70KB
119,./output/crop/세종/1권/001a00/119.jpg,ida_d001001a00,"(1481, 1654)",92,78,1.35KB
120,./output/crop/세종/1권/001a00/120.jpg,ida_d001001a00,"(1471, 1749)",87,108,1.88KB
121,./output/crop/세종/1권/001a00/121.jpg,ida_d001001a00,"(1472, 1877)",110,93,1.78KB
122,./output/crop/세종/1권/001a00/122.jpg,ida_d001001a00,"(1472, 1982)",95,101,1.91KB
123,./output/crop/세종/1권/001a00/123.jpg,ida_d001001a00,"(1484, 2107)",80,83,1.50KB
124,./output/crop/세종/1권/001a00/124.jpg,ida_d001001a00,"(1471, 2314)",105,102,2.24KB
125,./output/crop/세종/1권/001a00/125.jpg,ida_d001001a00,"(1478, 2436)",106,93,2.09KB
126,./output/crop/세종/1권/001a00/126.jpg,ida_d001001a00,"(1483, 2653)",101,108,2.18KB
127,./output/crop/세종/1권/001a00/127.jpg,ida_d001001a00,"(1489, 2775)",95,93,1.59KB
128,./output/crop/세종/1권/001a00/128.jpg,ida_d001001a00,"(1495, 2894)",89,87,1.78KB
129,./output/crop/세종/1권/001a00/129.jpg,ida_d001001a00,"(1481, 3022)",103,78,1.42KB
130,./output/crop/세종/1권/001a00/130.jpg,ida_d001001a00,"(1332, 38)",110,87,1.59KB
131,./output/crop/세종/1권/001a00/131.jpg,ida_d001001a00,"(1338, 155)",89,89,1.64KB
132,./output/crop/세종/1권/001a00/132.jpg,ida_d001001a00,"(1344, 274)",96,95,1.82KB
133,./output/crop/세종/1권/001a00/133.jpg,ida_d001001a00,"(1341, 395)",96,93,1.91KB
134,./output/crop/세종/1권/001a00/134.jpg,ida_d001001a00,"(1332, 529)",90,83,1.56KB
135,./output/crop/세종/1권/001a00/135.jpg,ida_d001001a00,"(1347, 636)",75,93,1.65KB
136,./output/crop/세종/1권/001a00/136.jpg,ida_d001001a00,"(1333, 755)",92,72,1.43KB
137,./output/crop/세종/1권/001a00/137.jpg,ida_d001001a00,"(1338, 863)",92,98,1.61KB
138,./output/crop/세종/1권/001a00/138.jpg,ida_d001001a00,"(1339, 1092)",103,80,1.61KB
139,./output/crop/세종/1권/001a00/139.jpg,ida_d001001a00,"(1335, 1202)",102,107,2.00KB
140,./output/crop/세종/1권/001a00/140.jpg,ida_d001001a00,"(1338, 1333)",99,83,1.78KB
141,./output/crop/세종/1권/001a00/141.jpg,ida_d001001a00,"(1338, 1443)",87,89,1.87KB
142,./output/crop/세종/1권/001a00/142.jpg,ida_d001001a00,"(1339, 1559)",89,98,1.89KB
143,./output/crop/세종/1권/001a00/143.jpg,ida_d001001a00,"(1347, 1672)",92,84,1.63KB
144,./output/crop/세종/1권/001a00/144.jpg,ida_d001001a00,"(1347, 1981)",78,102,1.71KB
145,./output/crop/세종/1권/001a00/145.jpg,ida_d001001a00,"(1333, 2106)",103,66,1.58KB
146,./output/crop/세종/1권/001a00/146.jpg,ida_d001001a00,"(1356, 2210)",86,92,1.58KB
147,./output/crop/세종/1권/001a00/147.jpg,ida_d001001a00,"(1338, 2335)",104,93,1.76KB
148,./output/crop/세종/1권/001a00/148.jpg,ida_d001001a00,"(1341, 2454)",107,87,2.14KB
149,./output/crop/세종/1권/001a00/149.jpg,ida_d001001a00,"(1359, 2564)",80,75,1.42KB
150,./output/crop/세종/1권/001a00/150.jpg,ida_d001001a00,"(1338, 2668)",104,87,1.93KB
151,./output/crop/세종/1권/001a00/151.jpg,ida_d001001a00,"(1356, 2775)",92,93,1.69KB
152,./output/crop/세종/1권/001a00/152.jpg,ida_d001001a00,"(1347, 2886)",101,104,2.32KB
153,./output/crop/세종/1권/001a00/153.jpg,ida_d001001a00,"(1342, 3002)",97,107,2.15KB
154,./output/crop/세종/1권/001a00/154.jpg,ida_d001001a00,"(1220, 2291)",89,83,1.56KB
155,./output/crop/세종/1권/001a00/155.jpg,ida_d001001a00,"(1199, 44)",101,87,1.91KB
156,./output/crop/세종/1권/001a00/156.jpg,ida_d001001a00,"(1208, 226)",89,93,1.61KB
157,./output/crop/세종/1권/001a00/157.jpg,ida_d001001a00,"(1196, 336)",98,93,1.92KB
158,./output/crop/세종/1권/001a00/158.jpg,ida_d001001a00,"(1190, 458)",110,84,1.92KB
159,./output/crop/세종/1권/001a00/159.jpg,ida_d001001a00,"(1208, 583)",86,72,1.46KB
160,./output/crop/세종/1권/001a00/160.jpg,ida_d001001a00,"(1190, 699)",107,93,2.09KB
161,./output/crop/세종/1권/001a00/161.jpg,ida_d001001a00,"(1190, 809)",101,96,1.81KB
162,./output/crop/세종/1권/001a00/162.jpg,ida_d001001a00,"(1190, 929)",99,95,1.63KB
163,./output/crop/세종/1권/001a00/163.jpg,ida_d001001a00,"(1205, 1038)",95,111,2.05KB
164,./output/crop/세종/1권/001a00/164.jpg,ida_d001001a00,"(1190, 1181)",107,87,2.15KB
165,./output/crop/세종/1권/001a00/165.jpg,ida_d001001a00,"(1190, 1279)",110,102,2.30KB
166,./output/crop/세종/1권/001a00/166.jpg,ida_d001001a00,"(1202, 1398)",78,93,1.57KB
167,./output/crop/세종/1권/001a00/167.jpg,ida_d001001a00,"(1211, 1514)",89,96,1.86KB
168,./output/crop/세종/1권/001a00/168.jpg,ida_d001001a00,"(1211, 1633)",78,66,1.43KB
169,./output/crop/세종/1권/001a00/169.jpg,ida_d001001a00,"(1196, 1832)",113,102,2.39KB
170,./output/crop/세종/1권/001a00/170.jpg,ida_d001001a00,"(1202, 1957)",104,81,1.47KB
171,./output/crop/세종/1권/001a00/171.jpg,ida_d001001a00,"(1193, 2061)",116,108,2.46KB
172,./output/crop/세종/1권/001a00/172.jpg,ida_d001001a00,"(1217, 2174)",92,105,2.00KB
173,./output/crop/세종/1권/001a00/173.jpg,ida_d001001a00,"(1202, 2421)",95,87,1.51KB
174,./output/crop/세종/1권/001a00/174.jpg,ida_d001001a00,"(1205, 2531)",104,99,2.14KB
175,./output/crop/세종/1권/001a00/175.jpg,ida_d001001a00,"(1205, 2648)",104,104,1.99KB
176,./output/crop/세종/1권/001a00/176.jpg,ida_d001001a00,"(1202, 2779)",101,86,1.65KB
177,./output/crop/세종/1권/001a00/177.jpg,ida_d001001a00,"(1211, 2898)",95,77,1.59KB
178,./output/crop/세종/1권/001a00/178.jpg,ida_d001001a00,"(1208, 3002)",98,92,1.94KB
179,./output/crop/세종/1권/001a00/179.jpg,ida_d001001a00,"(1048, 41)",110,84,1.75KB
180,./output/crop/세종/1권/001a00/180.jpg,ida_d001001a00,"(1054, 149)",113,83,1.88KB
181,./output/crop/세종/1권/001a00/181.jpg,ida_d001001a00,"(1051, 268)",119,71,1.62KB
182,./output/crop/세종/1권/001a00/182.jpg,ida_d001001a00,"(1060, 369)",107,107,1.89KB
183,./output/crop/세종/1권/001a00/183.jpg,ida_d001001a00,"(1048, 497)",119,89,1.84KB
184,./output/crop/세종/1권/001a00/184.jpg,ida_d001001a00,"(1057, 622)",95,74,1.70KB
185,./output/crop/세종/1권/001a00/185.jpg,ida_d001001a00,"(1054, 723)",104,92,2.14KB
186,./output/crop/세종/1권/001a00/186.jpg,ida_d001001a00,"(1057, 836)",101,110,2.21KB
187,./output/crop/세종/1권/001a00/187.jpg,ida_d001001a00,"(1048, 952)",119,107,2.45KB
188,./output/crop/세종/1권/001a00/188.jpg,ida_d001001a00,"(1054, 1086)",116,92,2.06KB
189,./output/crop/세종/1권/001a00/189.jpg,ida_d001001a00,"(1054, 1190)",107,92,1.99KB
190,./output/crop/세종/1권/001a00/190.jpg,ida_d001001a00,"(1060, 1392)",98,105,1.84KB
191,./output/crop/세종/1권/001a00/191.jpg,ida_d001001a00,"(1057, 1517)",110,87,1.85KB
192,./output/crop/세종/1권/001a00/192.jpg,ida_d001001a00,"(1069, 1618)",98,102,2.21KB
193,./output/crop/세종/1권/001a00/193.jpg,ida_d001001a00,"(1063, 1740)",98,81,1.71KB
194,./output/crop/세종/1권/001a00/194.jpg,ida_d001001a00,"(1063, 1844)",98,90,1.77KB
195,./output/crop/세종/1권/001a00/195.jpg,ida_d001001a00,"(1060, 1951)",92,93,1.64KB
196,./output/crop/세종/1권/001a00/196.jpg,ida_d001001a00,"(1060, 2073)",98,90,1.87KB
197,./output/crop/세종/1권/001a00/197.jpg,ida_d001001a00,"(1069, 2183)",98,105,2.35KB
198,./output/crop/세종/1권/001a00/198.jpg,ida_d001001a00,"(1060, 2308)",110,87,1.79KB
199,./output/crop/세종/1권/001a00/199.jpg,ida_d001001a00,"(1069, 2424)",101,75,1.65KB
200,./output/crop/세종/1권/001a00/200.jpg,ida_d001001a00,"(1057, 2532)",115,101,2.36KB
201,./output/crop/세종/1권/001a00/201.jpg,ida_d001001a00,"(1060, 2648)",112,89,2.16KB
202,./output/crop/세종/1권/001a00/202.jpg,ida_d001001a00,"(1075, 2749)",97,107,2.18KB
203,./output/crop/세종/1권/001a00/203.jpg,ida_d001001a00,"(1054, 2891)",113,66,1.70KB
204,./output/crop/세종/1권/001a00/204.jpg,ida_d001001a00,"(1066, 3010)",101,78,1.71KB
205,./output/crop/세종/1권/001a00/205.jpg,ida_d001001a00,"(942, 1496)",77,93,1.56KB
206,./output/crop/세종/1권/001a00/206.jpg,ida_d001001a00,"(915, 32)",110,81,1.68KB
207,./output/crop/세종/1권/001a00/207.jpg,ida_d001001a00,"(927, 265)",86,80,1.50KB
208,./output/crop/세종/1권/001a00/208.jpg,ida_d001001a00,"(927, 375)",92,107,1.96KB
209,./output/crop/세종/1권/001a00/209.jpg,ida_d001001a00,"(924, 589)",104,95,2.06KB
210,./output/crop/세종/1권/001a00/210.jpg,ida_d001001a00,"(924, 705)",89,107,2.04KB
211,./output/crop/세종/1권/001a00/211.jpg,ida_d001001a00,"(933, 1041)",95,99,1.96KB
212,./output/crop/세종/1권/001a00/212.jpg,ida_d001001a00,"(921, 1178)",101,72,1.66KB
213,./output/crop/세종/1권/001a00/213.jpg,ida_d001001a00,"(930, 1273)",89,96,2.04KB
214,./output/crop/세종/1권/001a00/214.jpg,ida_d001001a00,"(912, 1383)",122,99,2.47KB
215,./output/crop/세종/1권/001a00/215.jpg,ida_d001001a00,"(915, 1609)",116,96,2.19KB
216,./output/crop/세종/1권/001a00/216.jpg,ida_d001001a00,"(930, 1737)",89,81,1.73KB
217,./output/crop/세종/1권/001a00/217.jpg,ida_d001001a00,"(918, 1832)",116,90,2.03KB
218,./output/crop/세종/1권/001a00/218.jpg,ida_d001001a00,"(915, 1948)",107,93,1.76KB
219,./output/crop/세종/1권/001a00/219.jpg,ida_d001001a00,"(927, 2064)",107,72,1.67KB
220,./output/crop/세종/1권/001a00/220.jpg,ida_d001001a00,"(927, 2285)",107,113,2.25KB
221,./output/crop/세종/1권/001a00/221.jpg,ida_d001001a00,"(918, 2412)",113,84,1.94KB
222,./output/crop/세종/1권/001a00/222.jpg,ida_d001001a00,"(930, 2547)",107,86,1.99KB
223,./output/crop/세종/1권/001a00/223.jpg,ida_d001001a00,"(924, 2650)",113,90,1.92KB
224,./output/crop/세종/1권/001a00/224.jpg,ida_d001001a00,"(933, 2749)",83,119,2.27KB
225,./output/crop/세종/1권/001a00/225.jpg,ida_d001001a00,"(930, 2880)",101,95,1.89KB
226,./output/crop/세종/1권/001a00/226.jpg,ida_d001001a00,"(805, 1957)",86,93,1.84KB
227,./output/crop/세종/1권/001a00/227.jpg,ida_d001001a00,"(772, 24)",93,98,2.05KB
228,./output/crop/세종/1권/001a00/228.jpg,ida_d001001a00,"(788, 166)",92,66,1.42KB
229,./output/crop/세종/1권/001a00/229.jpg,ida_d001001a00,"(772, 387)",105,80,1.60KB
230,./output/crop/세종/1권/001a00/230.jpg,ida_d001001a00,"(779, 506)",104,104,2.10KB
231,./output/crop/세종/1권/001a00/231.jpg,ida_d001001a00,"(788, 625)",86,68,1.43KB
232,./output/crop/세종/1권/001a00/232.jpg,ida_d001001a00,"(796, 705)",84,98,1.79KB
233,./output/crop/세종/1권/001a00/233.jpg,ida_d001001a00,"(791, 815)",86,113,2.04KB
234,./output/crop/세종/1권/001a00/234.jpg,ida_d001001a00,"(782, 943)",106,90,1.70KB
235,./output/crop/세종/1권/001a00/235.jpg,ida_d001001a00,"(782, 1065)",101,84,1.78KB
236,./output/crop/세종/1권/001a00/236.jpg,ida_d001001a00,"(779, 1169)",109,96,1.83KB
237,./output/crop/세종/1권/001a00/237.jpg,ida_d001001a00,"(788, 1291)",86,84,1.71KB
238,./output/crop/세종/1권/001a00/238.jpg,ida_d001001a00,"(776, 1389)",115,105,2.50KB
239,./output/crop/세종/1권/001a00/239.jpg,ida_d001001a00,"(785, 1502)",103,93,2.02KB
240,./output/crop/세종/1권/001a00/240.jpg,ida_d001001a00,"(779, 1603)",112,87,1.94KB
241,./output/crop/세종/1권/001a00/241.jpg,ida_d001001a00,"(788, 1716)",98,114,2.32KB
242,./output/crop/세종/1권/001a00/242.jpg,ida_d001001a00,"(788, 1844)",95,87,1.62KB
243,./output/crop/세종/1권/001a00/243.jpg,ida_d001001a00,"(791, 2061)",95,96,1.97KB
244,./output/crop/세종/1권/001a00/244.jpg,ida_d001001a00,"(788, 2177)",103,105,2.24KB
245,./output/crop/세종/1권/001a00/245.jpg,ida_d001001a00,"(790, 2293)",101,111,2.17KB
246,./output/crop/세종/1권/001a00/246.jpg,ida_d001001a00,"(782, 2412)",109,90,2.14KB
247,./output/crop/세종/1권/001a00/247.jpg,ida_d001001a00,"(782, 2526)",109,101,2.15KB
248,./output/crop/세종/1권/001a00/248.jpg,ida_d001001a00,"(793, 2645)",98,86,1.91KB
249,./output/crop/세종/1권/001a00/249.jpg,ida_d001001a00,"(794, 2755)",97,95,1.94KB
250,./output/crop/세종/1권/001a00/250.jpg,ida_d001001a00,"(791, 2874)",100,101,2.22KB
251,./output/crop/세종/1권/001a00/251.jpg,ida_d001001a00,"(791, 2996)",100,104,2.01KB
252,./output/crop/세종/1권/001a00/252.jpg,ida_d001001a00,"(642, 18)",96,89,1.73KB
253,./output/crop/세종/1권/001a00/253.jpg,ida_d001001a00,"(640, 143)",104,92,2.25KB
254,./output/crop/세종/1권/001a00/254.jpg,ida_d001001a00,"(642, 265)",90,98,1.89KB
255,./output/crop/세종/1권/001a00/255.jpg,ida_d001001a00,"(640, 381)",92,98,2.19KB
256,./output/crop/세종/1권/001a00/256.jpg,ida_d001001a00,"(645, 506)",90,95,1.86KB
257,./output/crop/세종/1권/001a00/257.jpg,ida_d001001a00,"(642, 613)",99,98,1.95KB
258,./output/crop/세종/1권/001a00/258.jpg,ida_d001001a00,"(646, 741)",101,86,1.58KB
259,./output/crop/세종/1권/001a00/259.jpg,ida_d001001a00,"(642, 845)",90,116,2.13KB
260,./output/crop/세종/1권/001a00/260.jpg,ida_d001001a00,"(642, 964)",116,122,2.67KB
261,./output/crop/세종/1권/001a00/261.jpg,ida_d001001a00,"(648, 1092)",104,98,2.26KB
262,./output/crop/세종/1권/001a00/262.jpg,ida_d001001a00,"(654, 1205)",98,89,1.86KB
263,./output/crop/세종/1권/001a00/263.jpg,ida_d001001a00,"(660, 1312)",75,86,1.59KB
264,./output/crop/세종/1권/001a00/264.jpg,ida_d001001a00,"(651, 1416)",104,96,1.92KB
265,./output/crop/세종/1권/001a00/265.jpg,ida_d001001a00,"(645, 1526)",107,113,2.35KB
266,./output/crop/세종/1권/001a00/266.jpg,ida_d001001a00,"(642, 1660)",116,95,2.12KB
267,./output/crop/세종/1권/001a00/267.jpg,ida_d001001a00,"(642, 1770)",110,84,1.68KB
268,./output/crop/세종/1권/001a00/268.jpg,ida_d001001a00,"(642, 1883)",113,90,1.92KB
269,./output/crop/세종/1권/001a00/269.jpg,ida_d001001a00,"(646, 2005)",100,75,1.55KB
270,./output/crop/세종/1권/001a00/270.jpg,ida_d001001a00,"(642, 2088)",113,108,2.15KB
271,./output/crop/세종/1권/001a00/271.jpg,ida_d001001a00,"(660, 2201)",98,96,1.63KB
272,./output/crop/세종/1권/001a00/272.jpg,ida_d001001a00,"(657, 2308)",95,105,1.94KB
273,./output/crop/세종/1권/001a00/273.jpg,ida_d001001a00,"(645, 2418)",119,105,2.28KB
274,./output/crop/세종/1권/001a00/274.jpg,ida_d001001a00,"(648, 2534)",113,87,1.79KB
275,./output/crop/세종/1권/001a00/275.jpg,ida_d001001a00,"(654, 2647)",101,96,1.84KB
276,./output/crop/세종/1권/001a00/276.jpg,ida_d001001a00,"(660, 2761)",98,104,2.18KB
277,./output/crop/세종/1권/001a00/277.jpg,ida_d001001a00,"(666, 2894)",89,87,1.54KB
278,./output/crop/세종/1권/001a00/278.jpg,ida_d001001a00,"(660, 2999)",98,104,2.15KB
279,./output/crop/세종/1권/001a00/279.jpg,ida_d001001a00,"(502, 15)",94,110,1.86KB
280,./output/crop/세종/1권/001a00/280.jpg,ida_d001001a00,"(502, 140)",99,95,2.13KB
281,./output/crop/세종/1권/001a00/281.jpg,ida_d001001a00,"(502, 273)",96,72,1.59KB
282,./output/crop/세종/1권/001a00/282.jpg,ida_d001001a00,"(506, 378)",84,98,1.79KB
283,./output/crop/세종/1권/001a00/283.jpg,ida_d001001a00,"(506, 494)",78,110,1.75KB
284,./output/crop/세종/1권/001a00/284.jpg,ida_d001001a00,"(503, 630)",87,72,1.52KB
285,./output/crop/세종/1권/001a00/285.jpg,ida_d001001a00,"(503, 764)",95,87,1.85KB
286,./output/crop/세종/1권/001a00/286.jpg,ida_d001001a00,"(518, 880)",92,78,1.59KB
287,./output/crop/세종/1권/001a00/287.jpg,ida_d001001a00,"(506, 982)",104,92,1.60KB
288,./output/crop/세종/1권/001a00/288.jpg,ida_d001001a00,"(503, 1086)",107,101,2.31KB
289,./output/crop/세종/1권/001a00/289.jpg,ida_d001001a00,"(502, 1315)",108,92,2.11KB
290,./output/crop/세종/1권/001a00/290.jpg,ida_d001001a00,"(512, 1425)",92,77,1.67KB
291,./output/crop/세종/1권/001a00/291.jpg,ida_d001001a00,"(506, 1633)",95,114,2.15KB
292,./output/crop/세종/1권/001a00/292.jpg,ida_d001001a00,"(503, 1755)",107,102,2.03KB
293,./output/crop/세종/1권/001a00/293.jpg,ida_d001001a00,"(502, 1871)",108,96,2.19KB
294,./output/crop/세종/1권/001a00/294.jpg,ida_d001001a00,"(503, 1981)",107,99,2.38KB
295,./output/crop/세종/1권/001a00/295.jpg,ida_d001001a00,"(512, 2088)",98,101,1.97KB
296,./output/crop/세종/1권/001a00/296.jpg,ida_d001001a00,"(512, 2192)",98,99,1.97KB
297,./output/crop/세종/1권/001a00/297.jpg,ida_d001001a00,"(512, 2305)",98,105,2.23KB
298,./output/crop/세종/1권/001a00/298.jpg,ida_d001001a00,"(524, 2421)",86,102,1.91KB
299,./output/crop/세종/1권/001a00/299.jpg,ida_d001001a00,"(524, 2540)",83,120,2.05KB
300,./output/crop/세종/1권/001a00/300.jpg,ida_d001001a00,"(509, 2674)",101,90,1.73KB
301,./output/crop/세종/1권/001a00/301.jpg,ida_d001001a00,"(515, 2790)",95,84,1.79KB
302,./output/crop/세종/1권/001a00/302.jpg,ida_d001001a00,"(509, 2897)",101,96,1.84KB
303,./output/crop/세종/1권/001a00/303.jpg,ida_d001001a00,"(509, 3005)",113,98,2.50KB
304,./output/crop/세종/1권/001a00/304.jpg,ida_d001001a00,"(394, 1190)",76,98,1.64KB
305,./output/crop/세종/1권/001a00/305.jpg,ida_d001001a00,"(361, 33)",109,83,2.06KB
306,./output/crop/세종/1권/001a00/306.jpg,ida_d001001a00,"(373, 152)",92,92,1.84KB
307,./output/crop/세종/1권/001a00/307.jpg,ida_d001001a00,"(361, 270)",95,96,1.76KB
308,./output/crop/세종/1권/001a00/308.jpg,ida_d001001a00,"(373, 392)",89,84,1.63KB
309,./output/crop/세종/1권/001a00/309.jpg,ida_d001001a00,"(373, 503)",92,104,1.95KB
310,./output/crop/세종/1권/001a00/310.jpg,ida_d001001a00,"(373, 654)",80,78,1.41KB
311,./output/crop/세종/1권/001a00/311.jpg,ida_d001001a00,"(361, 752)",101,75,1.77KB
312,./output/crop/세종/1권/001a00/312.jpg,ida_d001001a00,"(364, 863)",104,86,1.60KB
313,./output/crop/세종/1권/001a00/313.jpg,ida_d001001a00,"(364, 958)",106,113,2.28KB
314,./output/crop/세종/1권/001a00/314.jpg,ida_d001001a00,"(361, 1413)",107,107,2.26KB
315,./output/crop/세종/1권/001a00/315.jpg,ida_d001001a00,"(364, 1529)",106,96,2.09KB
316,./output/crop/세종/1권/001a00/316.jpg,ida_d001001a00,"(361, 1651)",109,104,2.08KB
317,./output/crop/세종/1권/001a00/317.jpg,ida_d001001a00,"(388, 1767)",77,101,1.54KB
318,./output/crop/세종/1권/001a00/318.jpg,ida_d001001a00,"(370, 1874)",100,99,2.16KB
319,./output/crop/세종/1권/001a00/319.jpg,ida_d001001a00,"(373, 1993)",97,114,2.08KB
320,./output/crop/세종/1권/001a00/320.jpg,ida_d001001a00,"(367, 2127)",103,93,2.02KB
321,./output/crop/세종/1권/001a00/321.jpg,ida_d001001a00,"(370, 2231)",98,111,2.20KB
322,./output/crop/세종/1권/001a00/322.jpg,ida_d001001a00,"(376, 2353)",77,93,1.54KB
323,./output/crop/세종/1권/001a00/323.jpg,ida_d001001a00,"(382, 2466)",88,102,1.58KB
324,./output/crop/세종/1권/001a00/324.jpg,ida_d001001a00,"(376, 2659)",94,99,2.09KB
325,./output/crop/세종/1권/001a00/325.jpg,ida_d001001a00,"(376, 2764)",94,104,2.13KB
326,./output/crop/세종/1권/001a00/326.jpg,ida_d001001a00,"(367, 2996)",107,104,2.28KB
327,./output/crop/세종/1권/001a00/327.jpg,ida_d001001a00,"(249, 828)",88,97,1.95KB
328,./output/crop/세종/1권/001a00/328.jpg,ida_d001001a00,"(249, 1871)",88,105,1.96KB
329,./output/crop/세종/1권/001a00/329.jpg,ida_d001001a00,"(254, 1984)",78,102,1.80KB
330,./output/crop/세종/1권/001a00/330.jpg,ida_d001001a00,"(255, 2222)",77,99,1.79KB
331,./output/crop/세종/1권/001a00/331.jpg,ida_d001001a00,"(219, 21)",83,98,1.88KB
332,./output/crop/세종/1권/001a00/332.jpg,ida_d001001a00,"(231, 134)",77,98,1.58KB
333,./output/crop/세종/1권/001a00/333.jpg,ida_d001001a00,"(219, 256)",98,89,1.72KB
334,./output/crop/세종/1권/001a00/334.jpg,ida_d001001a00,"(243, 366)",83,68,1.46KB
335,./output/crop/세종/1권/001a00/335.jpg,ida_d001001a00,"(240, 470)",92,104,1.99KB
336,./output/crop/세종/1권/001a00/336.jpg,ida_d001001a00,"(219, 592)",118,98,2.51KB
337,./output/crop/세종/1권/001a00/337.jpg,ida_d001001a00,"(234, 735)",98,60,1.45KB
338,./output/crop/세종/1권/001a00/338.jpg,ida_d001001a00,"(228, 943)",104,104,1.89KB
339,./output/crop/세종/1권/001a00/339.jpg,ida_d001001a00,"(231, 1059)",98,101,1.88KB
340,./output/crop/세종/1권/001a00/340.jpg,ida_d001001a00,"(225, 1184)",112,96,1.78KB
341,./output/crop/세종/1권/001a00/341.jpg,ida_d001001a00,"(228, 1298)",109,86,1.67KB
342,./output/crop/세종/1권/001a00/342.jpg,ida_d001001a00,"(234, 1410)",86,89,1.58KB
343,./output/crop/세종/1권/001a00/343.jpg,ida_d001001a00,"(234, 1517)",95,111,2.20KB
344,./output/crop/세종/1권/001a00/344.jpg,ida_d001001a00,"(237, 1642)",86,113,1.91KB
345,./output/crop/세종/1권/001a00/345.jpg,ida_d001001a00,"(240, 1764)",89,98,1.97KB
346,./output/crop/세종/1권/001a00/346.jpg,ida_d001001a00,"(240, 2103)",97,99,2.01KB
347,./output/crop/세종/1권/001a00/347.jpg,ida_d001001a00,"(237, 2332)",100,96,2.07KB
348,./output/crop/세종/1권/001a00/348.jpg,ida_d001001a00,"(231, 2445)",101,72,1.48KB
349,./output/crop/세종/1권/001a00/349.jpg,ida_d001001a00,"(243, 2546)",94,90,1.85KB
350,./output/crop/세종/1권/001a00/350.jpg,ida_d001001a00,"(234, 2648)",103,98,2.01KB
351,./output/crop/세종/1권/001a00/351.jpg,ida_d001001a00,"(243, 2752)",89,98,1.76KB
352,./output/crop/세종/1권/001a00/352.jpg,ida_d001001a00,"(234, 2888)",98,96,1.88KB
353,./output/crop/세종/1권/001a00/353.jpg,ida_d001001a00,"(237, 3017)",100,59,1.17KB
354,./output/crop/세종/1권/001a00/354.jpg,ida_d001001a00,"(82, 10)",93,88,1.97KB
355,./output/crop/세종/1권/001a00/355.jpg,ida_d001001a00,"(82, 116)",96,98,2.10KB
356,./output/crop/세종/1권/001a00/356.jpg,ida_d001001a00,"(89, 229)",101,93,1.76KB
357,./output/crop/세종/1권/001a00/357.jpg,ida_d001001a00,"(95, 339)",95,101,1.92KB
358,./output/crop/세종/1권/001a00/358.jpg,ida_d001001a00,"(98, 482)",92,77,1.66KB
359,./output/crop/세종/1권/001a00/359.jpg,ida_d001001a00,"(95, 595)",104,84,1.92KB
360,./output/crop/세종/1권/001a00/360.jpg,ida_d001001a00,"(109, 702)",81,78,1.46KB
361,./output/crop/세종/1권/001a00/361.jpg,ida_d001001a00,"(95, 821)",104,99,1.85KB
362,./output/crop/세종/1권/001a00/362.jpg,ida_d001001a00,"(89, 931)",110,90,2.01KB
363,./output/crop/세종/1권/001a00/363.jpg,ida_d001001a00,"(107, 1032)",85,105,1.94KB
364,./output/crop/세종/1권/001a00/364.jpg,ida_d001001a00,"(82, 1148)",117,108,2.60KB
365,./output/crop/세종/1권/001a00/365.jpg,ida_d001001a00,"(83, 1273)",118,96,2.01KB
366,./output/crop/세종/1권/001a00/366.jpg,ida_d001001a00,"(89, 1386)",112,96,2.12KB
367,./output/crop/세종/1권/001a00/367.jpg,ida_d001001a00,"(98, 1508)",95,96,1.95KB
368,./output/crop/세종/1권/001a00/368.jpg,ida_d001001a00,"(89, 1615)",98,93,1.87KB
369,./output/crop/세종/1권/001a00/369.jpg,ida_d001001a00,"(89, 1725)",113,102,1.95KB
370,./output/crop/세종/1권/001a00/370.jpg,ida_d001001a00,"(98, 1847)",109,81,1.98KB
371,./output/crop/세종/1권/001a00/371.jpg,ida_d001001a00,"(95, 1966)",95,111,1.94KB
372,./output/crop/세종/1권/001a00/372.jpg,ida_d001001a00,"(89, 2100)",107,84,2.08KB
373,./output/crop/세종/1권/001a00/373.jpg,ida_d001001a00,"(86, 2201)",116,90,2.17KB
374,./output/crop/세종/1권/001a00/374.jpg,ida_d001001a00,"(98, 2303)",101,89,1.69KB
375,./output/crop/세종/1권/001a00/375.jpg,ida_d001001a00,"(89, 2427)",118,99,2.21KB
376,./output/crop/세종/1권/001a00/376.jpg,ida_d001001a00,"(104, 2543)",95,111,2.03KB
377,./output/crop/세종/1권/001a00/377.jpg,ida_d001001a00,"(95, 2665)",101,102,2.20KB
378,./output/crop/세종/1권/001a00/378.jpg,ida_d001001a00,"(95, 2793)",110,93,1.92KB
379,./output/crop/세종/1권/001a00/379.jpg,ida_d001001a00,"(86, 2891)",121,102,1.94KB
380,./output/crop/세종/1권/001a00/380.jpg,ida_d001001a00,"(89, 2999)",118,110,2.48KB
